,video,pose,std_x,std_y
0,video_0,pose_trace_1.json,0.3535945369555615,0.04141146605378123
1,video_0,pose_trace_2.json,0.1435298983055461,0.06619865508724465
2,video_0,pose_trace_3.json,0.23513464209123608,0.10943996754247753
3,video_0,pose_trace_4.json,0.30079427675394416,0.046471811243329254
4,video_0,pose_trace_5.json,0.053134533845972665,0.036548901744180365
5,video_0,pose_trace_6.json,0.12201958765087434,0.05341991983289924
6,video_0,pose_trace_7.json,0.10697591606699546,0.0875108861903706
7,video_0,pose_trace_8.json,0.10676112444728098,0.0878871076742284
8,video_0,pose_trace_9.json,0.13471679314848253,0.05062895068136232
9,video_0,pose_trace_10.json,0.34227855634841636,0.052485555204368456
10,video_0,pose_trace_11.json,0.13148742031846417,0.07380303712381436
11,video_0,pose_trace_12.json,0.0936530543241526,0.06190323379299447
12,video_0,pose_trace_13.json,0.1726578078075695,0.11473478492201507
13,video_0,pose_trace_14.json,0.1473572445399422,0.0745828263882446
14,video_0,pose_trace_15.json,0.3234455029212797,0.08162441128206789
15,video_0,pose_trace_16.json,0.29583773219774134,0.05995703784717153
16,video_0,pose_trace_17.json,0.29573463851962606,0.13884456675533308
17,video_0,pose_trace_18.json,0.16011348105750797,0.058151894757215064
18,video_0,pose_trace_19.json,0.22083903883245812,0.015137389258196415
19,video_0,pose_trace_20.json,0.05567577850710685,0.06851273208693658
20,video_0,pose_trace_21.json,0.19347770063479544,0.09274714759391849
21,video_0,pose_trace_22.json,0.13181745899587427,0.08113783088726051
22,video_0,pose_trace_23.json,0.11353586220330852,0.06074917409900232
23,video_0,pose_trace_24.json,0.1573558906671529,0.096580666424356
24,video_0,pose_trace_25.json,0.6073344587372617,0.11629389090086609
25,video_0,pose_trace_26.json,0.13883607512837234,0.03461836157978909
26,video_0,pose_trace_27.json,0.21229244132907008,0.08654460979436143
27,video_0,pose_trace_28.json,0.19228167000291602,0.06844596458323199
28,video_0,pose_trace_29.json,0.11764674643795481,0.06403664710521231
29,video_0,pose_trace_30.json,0.09615852141181544,0.06377092827823073
30,video_0,pose_trace_31.json,0.15171016164961948,0.07438788378360313
31,video_0,pose_trace_32.json,0.07581333194976267,0.06336894608311491
32,video_0,pose_trace_33.json,0.19495270974601817,0.08396616963570815
33,video_0,pose_trace_34.json,0.1696745685824018,0.07456367931672425
34,video_0,pose_trace_35.json,0.16525979008161146,0.11035086626018717
35,video_0,pose_trace_36.json,0.07042625249694065,0.07217463490965036
36,video_0,pose_trace_37.json,0.07866399131688816,0.06476556747496498
37,video_0,pose_trace_38.json,0.05088277292445331,0.062491207872331936
38,video_0,pose_trace_39.json,0.10227959547829084,0.072909420974862
39,video_0,pose_trace_40.json,0.28205802113530576,0.06105476982628437
40,video_0,pose_trace_41.json,0.23625851364221245,0.08692041492979634
41,video_0,pose_trace_42.json,0.10642845252592976,0.06765419418885021
42,video_0,pose_trace_43.json,0.14581035213547391,0.07598217855302832
43,video_0,pose_trace_44.json,0.0739093261827813,0.07028310415260984
44,video_0,pose_trace_45.json,0.3902605484344252,0.14591198303314654
45,video_0,pose_trace_46.json,0.11717750261976612,0.06905236122949666
46,video_0,pose_trace_47.json,0.16986449507923793,0.10570606301929161
47,video_0,pose_trace_48.json,0.08448855520164378,0.0499154275353717
48,video_1,pose_trace_1.json,0.1655026982799957,0.051203872527946635
49,video_1,pose_trace_2.json,0.15602032901885637,0.09942722002623433
50,video_1,pose_trace_3.json,0.21542722654641808,0.11911658054402151
51,video_1,pose_trace_4.json,0.21007636386807765,0.03977074952750943
52,video_1,pose_trace_5.json,0.19931482247840288,0.07035835227029544
53,video_1,pose_trace_6.json,0.16546941937940096,0.03751773538708084
54,video_1,pose_trace_7.json,0.3255986065243279,0.08406654592891329
55,video_1,pose_trace_8.json,0.11962219885395625,0.09570003170737391
56,video_1,pose_trace_9.json,0.20149499255719508,0.06641732316058663
57,video_1,pose_trace_10.json,0.1515601636172483,0.08418986472259095
58,video_1,pose_trace_11.json,0.2238281953708701,0.08193040525965253
59,video_1,pose_trace_12.json,0.2604830919086186,0.06925875741210843
60,video_1,pose_trace_13.json,0.14771613137352543,0.0960614732907169
61,video_1,pose_trace_14.json,0.16260515441958198,0.08608270391148072
62,video_1,pose_trace_15.json,0.43044385832649035,0.11256495000303936
63,video_1,pose_trace_16.json,0.11792778669282274,0.09058558892298803
64,video_1,pose_trace_17.json,0.21120274903001912,0.1583654375592797
65,video_1,pose_trace_18.json,0.10404235615274543,0.05772084549857109
66,video_1,pose_trace_19.json,0.1398787961516945,0.05209854831546555
67,video_1,pose_trace_20.json,0.2168623518541222,0.06394335168066717
68,video_1,pose_trace_21.json,0.25023377601259755,0.08394040974665609
69,video_1,pose_trace_22.json,0.19188790600222524,0.07516556082308755
70,video_1,pose_trace_23.json,0.09351701052910869,0.07679180680210757
71,video_1,pose_trace_24.json,0.38724580547381904,0.08066791245346765
72,video_1,pose_trace_25.json,0.32286830982663683,0.06503909567839045
73,video_1,pose_trace_26.json,0.06501617469682863,0.022018545772334315
74,video_1,pose_trace_27.json,0.2790567483734632,0.0947054595162788
75,video_1,pose_trace_28.json,0.21780739671174631,0.10195000199060544
76,video_1,pose_trace_29.json,0.10440026761968525,0.08595080435892719
77,video_1,pose_trace_30.json,0.18198249221197813,0.07032986980080992
78,video_1,pose_trace_31.json,0.1840078905746414,0.0901959638901962
79,video_1,pose_trace_32.json,0.21084604804180004,0.06384566025628091
80,video_1,pose_trace_33.json,0.2132676761554338,0.09026958948849913
81,video_1,pose_trace_34.json,0.2918735374027473,0.06397743626331011
82,video_1,pose_trace_35.json,0.20375673135457478,0.09359783495005525
83,video_1,pose_trace_36.json,0.07438777322256368,0.043857067099710746
84,video_1,pose_trace_37.json,0.12374976780745896,0.07333336688817568
85,video_1,pose_trace_38.json,0.10694407240037446,0.07014757863122947
86,video_1,pose_trace_39.json,0.6220549796097053,0.07194059974099781
87,video_1,pose_trace_40.json,0.2703504790598731,0.08501706488531577
88,video_1,pose_trace_41.json,0.18486125154937674,0.04648550577492364
89,video_1,pose_trace_42.json,0.19485922295250346,0.11579160149290968
90,video_1,pose_trace_43.json,0.1484449302651268,0.10640282012112995
91,video_1,pose_trace_44.json,0.21766074943900177,0.08459864538649071
92,video_1,pose_trace_45.json,0.5794529229344059,0.13890336435996428
93,video_1,pose_trace_46.json,0.41699748344370224,0.0726895295653473
94,video_1,pose_trace_47.json,0.20904781709395623,0.08354929529186143
95,video_1,pose_trace_48.json,0.07270998272848522,0.06659123530947984
96,video_2,pose_trace_1.json,0.19868723502429933,0.04983203080497197
97,video_2,pose_trace_2.json,0.30963080202610704,0.07721050077753787
98,video_2,pose_trace_3.json,0.21763386084453243,0.07982171788131175
99,video_2,pose_trace_4.json,0.15392532883855475,0.060685617588720334
100,video_2,pose_trace_5.json,0.46007246480063874,0.05147754442119356
101,video_2,pose_trace_6.json,0.23686243033495072,0.04830580890014451
102,video_2,pose_trace_7.json,0.291231145006235,0.06062734430348764
103,video_2,pose_trace_8.json,0.221390876191148,0.0691762439604546
104,video_2,pose_trace_9.json,0.45043492139672503,0.07298363142538508
105,video_2,pose_trace_10.json,0.2183720265630403,0.0826331356585873
106,video_2,pose_trace_11.json,0.34689273675165827,0.07471220961599465
107,video_2,pose_trace_12.json,0.2725221506457477,0.08209442571538449
108,video_2,pose_trace_13.json,0.1563620164426401,0.05819020143830608
109,video_2,pose_trace_14.json,0.6724611881420083,0.0793757878571196
110,video_2,pose_trace_15.json,0.27640416431317993,0.0955151691968447
111,video_2,pose_trace_16.json,0.48219366868953356,0.049707452002063314
112,video_2,pose_trace_17.json,0.17550473625420557,0.1123273192759403
113,video_2,pose_trace_18.json,0.2814919285282824,0.06707875479558285
114,video_2,pose_trace_19.json,0.44020510127112505,0.052323135575995376
115,video_2,pose_trace_20.json,0.2794328388489588,0.06963135625365395
116,video_2,pose_trace_21.json,0.3090693167786505,0.07832635070762255
117,video_2,pose_trace_22.json,0.42235906804526696,0.07352850639368959
118,video_2,pose_trace_23.json,0.39796439646870935,0.05648269986560464
119,video_2,pose_trace_24.json,0.29523432810219374,0.09734742693987852
120,video_2,pose_trace_25.json,0.459950495199466,0.07062819549026729
121,video_2,pose_trace_26.json,0.1307320222592422,0.02890336715459209
122,video_2,pose_trace_27.json,0.5834976914905051,0.053674142419137864
123,video_2,pose_trace_28.json,0.20284941792161754,0.08684293958991908
124,video_2,pose_trace_29.json,0.293432723980925,0.06960044050068609
125,video_2,pose_trace_30.json,0.5036782037008847,0.06580479286387761
126,video_2,pose_trace_31.json,0.4290883373803325,0.09151300785473376
127,video_2,pose_trace_32.json,0.295328370349565,0.039121289804737606
128,video_2,pose_trace_33.json,0.625852679278312,0.09972633435490635
129,video_2,pose_trace_34.json,0.13237080952540434,0.04247293235385075
130,video_2,pose_trace_35.json,0.2630466004508026,0.08665555188732608
131,video_2,pose_trace_36.json,0.15471677023499922,0.05373455071842602
132,video_2,pose_trace_37.json,0.15699463227891172,0.08014360626425823
133,video_2,pose_trace_38.json,0.19494022439452985,0.06022853895573059
134,video_2,pose_trace_39.json,0.24869225578479875,0.08290865974690587
135,video_2,pose_trace_40.json,0.36375603991195277,0.09485076923399179
136,video_2,pose_trace_41.json,0.24271490334247003,0.05360941816238398
137,video_2,pose_trace_42.json,0.4816147323831212,0.08939061634286581
138,video_2,pose_trace_43.json,0.23583036506447733,0.08295997463688466
139,video_2,pose_trace_44.json,0.49135728839646475,0.08556720833497493
140,video_2,pose_trace_45.json,0.43221709174605977,0.08209490620574739
141,video_2,pose_trace_46.json,0.7958971845264569,0.06070853469126566
142,video_2,pose_trace_47.json,0.3755635435624861,0.05924028799259109
143,video_2,pose_trace_48.json,0.31053432909834144,0.047632509698200466
144,video_3,pose_trace_1.json,0.23173240417301463,0.05016640420083677
145,video_3,pose_trace_2.json,0.11512358695424614,0.07769080205583279
146,video_3,pose_trace_3.json,0.21839523293781854,0.08810648316482068
147,video_3,pose_trace_4.json,0.15239626312529952,0.08539823697772622
148,video_3,pose_trace_5.json,0.07987797833660992,0.05115540709386162
149,video_3,pose_trace_6.json,0.10508129163743209,0.04322141419731604
150,video_3,pose_trace_7.json,0.12344125067742322,0.06351804302241251
151,video_3,pose_trace_8.json,0.060060177172410904,0.06855663878934926
152,video_3,pose_trace_9.json,0.1359784007018306,0.05520519459144019
153,video_3,pose_trace_10.json,0.11976191615298742,0.08862029144124033
154,video_3,pose_trace_11.json,0.1316148058051434,0.07202671936656628
155,video_3,pose_trace_12.json,0.08780848319905722,0.03439650440211687
156,video_3,pose_trace_13.json,0.15992780253325695,0.08597619349553856
157,video_3,pose_trace_14.json,0.12216661785881208,0.08329951840568621
158,video_3,pose_trace_15.json,0.19392541273591185,0.09097872409330796
159,video_3,pose_trace_16.json,0.04542670750122835,0.07550949236687504
160,video_3,pose_trace_17.json,0.1700001568455206,0.14592339137594146
161,video_3,pose_trace_18.json,0.14828676592773715,0.10631241815557435
162,video_3,pose_trace_19.json,0.15232268121743262,0.049439661872103524
163,video_3,pose_trace_20.json,0.2190279063540575,0.11768361264889925
164,video_3,pose_trace_21.json,0.17073149068883328,0.0832685617191156
165,video_3,pose_trace_22.json,0.1103553112458624,0.05979028593137119
166,video_3,pose_trace_23.json,0.13599461045609415,0.06260078188450664
167,video_3,pose_trace_24.json,0.1988901501223663,0.13234348700693704
168,video_3,pose_trace_25.json,0.2864446695817574,0.06950219669084577
169,video_3,pose_trace_26.json,0.10200935933750095,0.026512890527622974
170,video_3,pose_trace_27.json,0.31519228006849287,0.09941740213729423
171,video_3,pose_trace_28.json,0.15151602985107834,0.09513663207540182
172,video_3,pose_trace_29.json,0.12015595225454838,0.08201703702183032
173,video_3,pose_trace_30.json,0.11423752158207673,0.07906597918373462
174,video_3,pose_trace_31.json,0.14985621771727273,0.1109491540301361
175,video_3,pose_trace_32.json,0.07646042572571041,0.04631119381432772
176,video_3,pose_trace_33.json,0.18013809454033894,0.1154901598424034
177,video_3,pose_trace_34.json,0.19778878411584497,0.05853100460438419
178,video_3,pose_trace_35.json,0.14881290273073433,0.06514066042486927
179,video_3,pose_trace_36.json,0.07433959343053784,0.11363673667819074
180,video_3,pose_trace_37.json,0.05098846693494392,0.04650412188584058
181,video_3,pose_trace_38.json,0.05300075952201816,0.07030271017331281
182,video_3,pose_trace_39.json,0.2515564889327,0.07250320936365635
183,video_3,pose_trace_40.json,0.20954889302941995,0.0909768443960014
184,video_3,pose_trace_41.json,0.035729598321318314,0.04689281972037286
185,video_3,pose_trace_42.json,0.3582369530158032,0.08310623221691442
186,video_3,pose_trace_43.json,0.12928612401386316,0.10930574759808968
187,video_3,pose_trace_44.json,0.16689827051123735,0.05867804300821977
188,video_3,pose_trace_45.json,0.3989408578776577,0.1323728957283704
189,video_3,pose_trace_46.json,0.13934761712583674,0.0459202020546146
190,video_3,pose_trace_47.json,0.4134432204594669,0.05617197058457124
191,video_3,pose_trace_48.json,0.08494370000088323,0.04279791926337653
192,video_4,pose_trace_1.json,0.18697901957958551,0.05909329632558723
193,video_4,pose_trace_2.json,0.102155694864545,0.08141696979084233
194,video_4,pose_trace_3.json,0.12337174032252615,0.07083883343388027
195,video_4,pose_trace_4.json,0.21345964315313903,0.03978826165178025
196,video_4,pose_trace_5.json,0.059673117268681665,0.04882988005304646
197,video_4,pose_trace_6.json,0.1280799370412547,0.04162145542316655
198,video_4,pose_trace_7.json,0.2112111058332054,0.07129175543302656
199,video_4,pose_trace_8.json,0.14397080531995432,0.10128279718479989
200,video_4,pose_trace_9.json,0.4127118415386137,0.06908477410327268
201,video_4,pose_trace_10.json,0.17476613600326538,0.07958942359231962
202,video_4,pose_trace_11.json,0.16009518287253693,0.06608093888268578
203,video_4,pose_trace_12.json,0.34018865390994923,0.08618701422120906
204,video_4,pose_trace_13.json,0.11571749167925148,0.08260886411397234
205,video_4,pose_trace_14.json,0.15066717912506394,0.08949898284031121
206,video_4,pose_trace_15.json,0.21557045662657,0.1010763403318247
207,video_4,pose_trace_16.json,0.1690010606286457,0.07803271274685795
208,video_4,pose_trace_17.json,0.10798078344012596,0.11132600945748977
209,video_4,pose_trace_18.json,0.1672825871540595,0.07310579433022946
210,video_4,pose_trace_19.json,0.1209340807790591,0.044543618996276534
211,video_4,pose_trace_20.json,0.45829987369406955,0.09517089177501506
212,video_4,pose_trace_21.json,0.28232804579087173,0.0791623785059852
213,video_4,pose_trace_22.json,0.11728136918021781,0.10995414996571629
214,video_4,pose_trace_23.json,0.04539867019725722,0.10903690830816533
215,video_4,pose_trace_24.json,0.21164890829076594,0.10637420225485035
216,video_4,pose_trace_25.json,0.2554524206766185,0.12396989435287141
217,video_4,pose_trace_26.json,0.17572052268810714,0.03026345979532105
218,video_4,pose_trace_27.json,0.39854493340160574,0.09160617730905594
219,video_4,pose_trace_28.json,0.18616334457780684,0.0903286411483034
220,video_4,pose_trace_29.json,0.16088823130281704,0.06928501376207503
221,video_4,pose_trace_30.json,0.18071038073681023,0.07014670490098585
222,video_4,pose_trace_31.json,0.2738286266415281,0.10650979794120398
223,video_4,pose_trace_32.json,0.12364590416598861,0.04378887440147824
224,video_4,pose_trace_33.json,0.2590486195403671,0.11006583269846015
225,video_4,pose_trace_34.json,0.25799622645299264,0.06413176899925245
226,video_4,pose_trace_35.json,0.27646000775285223,0.08000465219917337
227,video_4,pose_trace_36.json,0.06753703001013718,0.11700156329097061
228,video_4,pose_trace_37.json,0.24231647144878174,0.05790740547446106
229,video_4,pose_trace_38.json,0.14774515124534113,0.0532055426313439
230,video_4,pose_trace_39.json,0.19256286007827525,0.08177313624522081
231,video_4,pose_trace_40.json,0.441158328288852,0.09584687996331616
232,video_4,pose_trace_41.json,0.19589449798317002,0.0532877278674904
233,video_4,pose_trace_42.json,0.3138194724016633,0.09600116568525544
234,video_4,pose_trace_43.json,0.15246298553844687,0.09489371978756996
235,video_4,pose_trace_44.json,0.15335308401658201,0.06473363492025908
236,video_4,pose_trace_45.json,0.20011108035180458,0.10541920747833053
237,video_4,pose_trace_46.json,0.2964924180851699,0.06334576011932971
238,video_4,pose_trace_47.json,0.3018488430206095,0.08758420042449382
239,video_4,pose_trace_48.json,0.34570412992504224,0.047102394790828304
240,video_5,pose_trace_1.json,0.32481113206517054,0.03198874690204656
241,video_5,pose_trace_2.json,0.2549753119583404,0.06685832211061234
242,video_5,pose_trace_3.json,0.18389131428407246,0.06266962024955282
243,video_5,pose_trace_4.json,0.28182733711440144,0.04178699109360853
244,video_5,pose_trace_5.json,0.10703566033108824,0.03970195653102797
245,video_5,pose_trace_6.json,0.15457497898426203,0.02405906455585295
246,video_5,pose_trace_7.json,0.21648362854483458,0.055739604870531055
247,video_5,pose_trace_8.json,0.19144023158049855,0.06489026462971753
248,video_5,pose_trace_9.json,0.18475954445229054,0.058887660612876876
249,video_5,pose_trace_10.json,0.21848517175830967,0.07066092997769233
250,video_5,pose_trace_11.json,0.29747947128197777,0.05138586383369725
251,video_5,pose_trace_12.json,0.2962903040420442,0.06192759561712891
252,video_5,pose_trace_13.json,0.1558502365162829,0.06387566056668383
253,video_5,pose_trace_14.json,0.4529644293794519,0.07060016183825346
254,video_5,pose_trace_15.json,0.26412470563697193,0.07945676010211727
255,video_5,pose_trace_16.json,0.37958517680999987,0.03538098866116344
256,video_5,pose_trace_17.json,0.08201447920150362,0.08192019673473057
257,video_5,pose_trace_18.json,0.1694240494527706,0.05865911592650602
258,video_5,pose_trace_19.json,0.4279570518124653,0.027911863280070493
259,video_5,pose_trace_20.json,0.5319531541802692,0.08057751480403204
260,video_5,pose_trace_21.json,0.47090298758574123,0.07118284667085857
261,video_5,pose_trace_22.json,0.3377118445252859,0.09788517926316816
262,video_5,pose_trace_23.json,0.153015642831491,0.06333145535262258
263,video_5,pose_trace_24.json,0.2435541708230411,0.08901193574395663
264,video_5,pose_trace_25.json,0.43998829552494784,0.048432028859121276
265,video_5,pose_trace_26.json,0.11323436858905014,0.022939452022540562
266,video_5,pose_trace_27.json,0.6996384954374594,0.07546390841536138
267,video_5,pose_trace_28.json,0.20699671592824517,0.07223431665637275
268,video_5,pose_trace_29.json,0.17101839243207043,0.06854800183978643
269,video_5,pose_trace_30.json,0.3827562254715092,0.06581935767912529
270,video_5,pose_trace_31.json,0.1837068981413424,0.09852679591731714
271,video_5,pose_trace_32.json,0.1624699383778078,0.027090421377486688
272,video_5,pose_trace_33.json,0.2416357974296414,0.05745840681294095
273,video_5,pose_trace_34.json,0.15915849631772913,0.025957095576321122
274,video_5,pose_trace_35.json,0.2586192426107485,0.050440688117519915
275,video_5,pose_trace_36.json,0.09711064597135714,0.12052437795257005
276,video_5,pose_trace_37.json,0.10151441099589657,0.051162811750839254
277,video_5,pose_trace_38.json,0.1156361990181845,0.04244188539745382
278,video_5,pose_trace_39.json,0.2062760169728931,0.08454723340637744
279,video_5,pose_trace_40.json,0.23225501676614976,0.06344419391412025
280,video_5,pose_trace_41.json,0.12116827967167189,0.07016181572524946
281,video_5,pose_trace_42.json,0.2098235825561307,0.10503372186614927
282,video_5,pose_trace_43.json,0.15309494299886417,0.08822061993567758
283,video_5,pose_trace_44.json,0.25405300431627814,0.058642374034370545
284,video_5,pose_trace_45.json,0.4616931112731412,0.11199304444990463
285,video_5,pose_trace_46.json,0.39921703227810956,0.0485361973004646
286,video_5,pose_trace_47.json,0.20562807123198765,0.04562109591605489
287,video_5,pose_trace_48.json,0.14002985128465553,0.04875849027899773
288,video_6,pose_trace_1.json,0.46582399701740673,0.018650993982524903
289,video_6,pose_trace_2.json,0.12329175285684713,0.020040846509313127
290,video_6,pose_trace_3.json,0.3368404473444157,0.060943758404353184
291,video_6,pose_trace_4.json,0.36485584333926985,0.03306996453737186
292,video_6,pose_trace_5.json,0.2181456881744114,0.02351416332800178
293,video_6,pose_trace_6.json,0.41359764512420716,0.016175542585157424
294,video_6,pose_trace_7.json,0.12356118640071331,0.05239141608716941
295,video_6,pose_trace_8.json,0.16012928720097636,0.026990387736992603
296,video_6,pose_trace_9.json,0.2079868431425762,0.03180464626499265
297,video_6,pose_trace_10.json,0.22317712840663287,0.032639682866723585
298,video_6,pose_trace_11.json,0.18273937729000092,0.03816084867471041
299,video_6,pose_trace_12.json,0.14173280700108645,0.035004757899034275
300,video_6,pose_trace_13.json,0.23466319857270512,0.050793726613337635
301,video_6,pose_trace_14.json,0.22373846970410483,0.038264626782357675
302,video_6,pose_trace_15.json,0.4037781821943377,0.030161570538819085
303,video_6,pose_trace_16.json,0.15566317012973185,0.01689122843603504
304,video_6,pose_trace_17.json,0.0583810103694353,0.1005797415311782
305,video_6,pose_trace_18.json,0.22612920061856956,0.0301729221359401
306,video_6,pose_trace_19.json,0.4359467020202601,0.022349412781071568
307,video_6,pose_trace_20.json,0.22538413139659505,0.029999120959927864
308,video_6,pose_trace_21.json,0.22760906545110887,0.029853465012224432
309,video_6,pose_trace_22.json,0.5523677050343802,0.041163894090755035
310,video_6,pose_trace_23.json,0.08583396158448978,0.04069894083909647
311,video_6,pose_trace_24.json,0.11862462193021862,0.04017026808160953
312,video_6,pose_trace_25.json,0.2301722856582912,0.04132132063278261
313,video_6,pose_trace_26.json,0.27817191836650224,0.02588204472540313
314,video_6,pose_trace_27.json,0.22717520898465168,0.019041162695576135
315,video_6,pose_trace_28.json,0.13432446772702464,0.033932790981704083
316,video_6,pose_trace_29.json,0.2581646219464474,0.025014971398349396
317,video_6,pose_trace_30.json,0.2009039558136964,0.04227997910686466
318,video_6,pose_trace_31.json,0.19705529322879672,0.060886557349121656
319,video_6,pose_trace_32.json,0.16475446840788346,0.028553421906057277
320,video_6,pose_trace_33.json,0.2856208503611705,0.04447642859764105
321,video_6,pose_trace_34.json,0.4631681050336803,0.02641925836186925
322,video_6,pose_trace_35.json,0.25019037632741176,0.040742948650578086
323,video_6,pose_trace_36.json,0.18938023381583546,0.08585523254368711
324,video_6,pose_trace_37.json,0.1022713923285851,0.044868780772462875
325,video_6,pose_trace_38.json,0.23005282529692306,0.03298048315785202
326,video_6,pose_trace_39.json,0.20835139795459676,0.062189287545723095
327,video_6,pose_trace_40.json,0.252392870274779,0.0510088410064276
328,video_6,pose_trace_41.json,0.20087873589101365,0.04940867214298116
329,video_6,pose_trace_42.json,0.2661710326751045,0.03786996295972745
330,video_6,pose_trace_43.json,0.20314929926766606,0.03860962342355275
331,video_6,pose_trace_44.json,0.3399218375474228,0.03243582163766954
332,video_6,pose_trace_45.json,0.14789495661090285,0.03923405263582884
333,video_6,pose_trace_46.json,0.32281274865179577,0.047757190808453386
334,video_6,pose_trace_47.json,0.4146623766951453,0.03348836283358
335,video_6,pose_trace_48.json,0.06055167434360675,0.022611166207172993
336,video_7,pose_trace_1.json,0.29415463553735294,0.030895034795103825
337,video_7,pose_trace_2.json,0.12722876343206677,0.04933353360652425
338,video_7,pose_trace_3.json,0.289282632767407,0.08574867874249024
339,video_7,pose_trace_4.json,0.2559907026287346,0.044169019721064025
340,video_7,pose_trace_5.json,0.08369725207968197,0.03350508693375774
341,video_7,pose_trace_6.json,0.12828404575800156,0.017529834750661343
342,video_7,pose_trace_7.json,0.14777393707834777,0.04365052878473157
343,video_7,pose_trace_8.json,0.21934943422479036,0.047041083415184454
344,video_7,pose_trace_9.json,0.11677351912684901,0.030125246253414596
345,video_7,pose_trace_10.json,0.1886506299612019,0.042590033982570025
346,video_7,pose_trace_11.json,0.17593441639525098,0.05057857997892898
347,video_7,pose_trace_12.json,0.17017933415014916,0.0373007505578198
348,video_7,pose_trace_13.json,0.21088355368334394,0.07233123609699932
349,video_7,pose_trace_14.json,0.28489201288779387,0.08164849452494424
350,video_7,pose_trace_15.json,0.11792721286666134,0.04667081436153007
351,video_7,pose_trace_16.json,0.3314420182089988,0.03230279723747862
352,video_7,pose_trace_17.json,0.08327835417440285,0.07350071676228369
353,video_7,pose_trace_18.json,0.13734136167389777,0.041719332384865866
354,video_7,pose_trace_19.json,0.17066833997252973,0.038011891631772196
355,video_7,pose_trace_20.json,0.21105971349642869,0.038314172970655286
356,video_7,pose_trace_21.json,0.32799939933757954,0.06727138361982174
357,video_7,pose_trace_22.json,0.3053244110039389,0.04806911424183889
358,video_7,pose_trace_23.json,0.23807466599388544,0.054213337349517284
359,video_7,pose_trace_24.json,0.13477693080510625,0.07282287373193969
360,video_7,pose_trace_25.json,0.33046899236587024,0.05948075439533727
361,video_7,pose_trace_26.json,0.19933286936318179,0.036787137805625994
362,video_7,pose_trace_27.json,0.2573189987436304,0.0366386831338874
363,video_7,pose_trace_28.json,0.15306666060038698,0.03833748200802175
364,video_7,pose_trace_29.json,0.15115090867908984,0.05685658080048135
365,video_7,pose_trace_30.json,0.10149319212614405,0.0689370522572589
366,video_7,pose_trace_31.json,0.20107794120150918,0.07349560837504375
367,video_7,pose_trace_32.json,0.15601789320673365,0.02551717138134398
368,video_7,pose_trace_33.json,0.20404513614938571,0.03997705374937477
369,video_7,pose_trace_34.json,0.2067018160993038,0.029031488469943967
370,video_7,pose_trace_35.json,0.26550327296213583,0.03751719723768016
371,video_7,pose_trace_36.json,0.07804323695294282,0.086948174124863
372,video_7,pose_trace_37.json,0.09351072487260235,0.04079181989850907
373,video_7,pose_trace_38.json,0.15193982998427988,0.04086700020096218
374,video_7,pose_trace_39.json,0.1684722106150415,0.05037429060404288
375,video_7,pose_trace_40.json,0.31323297346064294,0.06095741482295541
376,video_7,pose_trace_41.json,0.3405507626719325,0.13380606103010664
377,video_7,pose_trace_42.json,0.26319742699469334,0.057567415290972375
378,video_7,pose_trace_43.json,0.13242825602347277,0.05519902875776608
379,video_7,pose_trace_44.json,0.26638434227410696,0.05564774232925556
380,video_7,pose_trace_45.json,0.3036975391061448,0.08006628124379872
381,video_7,pose_trace_46.json,0.2554520820365876,0.04064498088779232
382,video_7,pose_trace_47.json,0.09287848522384581,0.040087884733000276
383,video_7,pose_trace_48.json,0.1972220782014373,0.03036319760137596
384,video_8,pose_trace_1.json,0.36078232102039953,0.06203776736113137
385,video_8,pose_trace_2.json,0.33879568190590575,0.08462796025257117
386,video_8,pose_trace_3.json,0.13028772737620592,0.06669472040361392
387,video_8,pose_trace_4.json,0.1657797070556543,0.0791291633014073
388,video_8,pose_trace_5.json,0.07918910778772807,0.07985456944095871
389,video_8,pose_trace_6.json,0.11303123691698144,0.04654046359913656
390,video_8,pose_trace_7.json,0.14702501838401827,0.07157457351271293
391,video_8,pose_trace_8.json,0.09275659772460394,0.094391725092778
392,video_8,pose_trace_9.json,0.10543735784857192,0.07289180722169053
393,video_8,pose_trace_10.json,0.13245949077221503,0.11256059906944976
394,video_8,pose_trace_11.json,0.17262713938638805,0.08466094904128886
395,video_8,pose_trace_12.json,0.13551056361002073,0.07484329652583253
396,video_8,pose_trace_13.json,0.2621354476405133,0.08543032035770143
397,video_8,pose_trace_14.json,0.1462505335706519,0.084863514029494
398,video_8,pose_trace_15.json,0.16990588009082677,0.08275729384756426
399,video_8,pose_trace_16.json,0.1415591882277984,0.04866988120087809
400,video_8,pose_trace_17.json,0.08099965017031814,0.10748266486494143
401,video_8,pose_trace_18.json,0.11160282462465848,0.07747464467919536
402,video_8,pose_trace_19.json,0.1472374614660935,0.06819422516353725
403,video_8,pose_trace_20.json,0.37683659313111567,0.0692352661652428
404,video_8,pose_trace_21.json,0.3599882747041273,0.07265244441465281
405,video_8,pose_trace_22.json,0.39024941238299593,0.08442059272480135
406,video_8,pose_trace_23.json,0.16799262838476534,0.08122467364923786
407,video_8,pose_trace_24.json,0.1714155467086327,0.08373167463883213
408,video_8,pose_trace_25.json,0.22317606991403302,0.08490620796079246
409,video_8,pose_trace_26.json,0.225891667516997,0.03639833496957907
410,video_8,pose_trace_27.json,0.226483150999058,0.07767740182415778
411,video_8,pose_trace_28.json,0.10557088274000427,0.05571564860768552
412,video_8,pose_trace_29.json,0.14807918308001192,0.08793985294498813
413,video_8,pose_trace_30.json,0.12273562464964807,0.08762752689828056
414,video_8,pose_trace_31.json,0.12940849579946123,0.10018956590700974
415,video_8,pose_trace_32.json,0.15264413551443928,0.04677189918524666
416,video_8,pose_trace_33.json,0.21424566903035397,0.07624220038076267
417,video_8,pose_trace_34.json,0.18457400829471401,0.03749022513521412
418,video_8,pose_trace_35.json,0.1913579364237234,0.07589013554446093
419,video_8,pose_trace_36.json,0.09720602157041522,0.11768301898682677
420,video_8,pose_trace_37.json,0.39437215744404897,0.1182972915503687
421,video_8,pose_trace_38.json,0.0989926767860806,0.0741745150276733
422,video_8,pose_trace_39.json,0.13472903356882662,0.07727958026871194
423,video_8,pose_trace_40.json,0.13781575353113396,0.09305600151078576
424,video_8,pose_trace_41.json,0.40370257139063254,0.1036782245236225
425,video_8,pose_trace_42.json,0.33736644091766477,0.12022200007616644
426,video_8,pose_trace_43.json,0.14328011632881707,0.089546518681952
427,video_8,pose_trace_44.json,0.19848474752128276,0.07648462951134552
428,video_8,pose_trace_45.json,0.19255354259545782,0.1255233953342425
429,video_8,pose_trace_46.json,0.17961961390086262,0.06785037126485476
430,video_8,pose_trace_47.json,0.15091109792968097,0.065182460068622
431,video_8,pose_trace_48.json,0.17515566239627883,0.0637194898559238
432,video_9,pose_trace_1.json,0.06263497706725162,0.014660335065094439
433,video_9,pose_trace_2.json,0.061737010305794086,0.028151046586201742
434,video_9,pose_trace_3.json,0.11648621664232495,0.03135974053170958
435,video_9,pose_trace_4.json,0.15176954907084586,0.031860329528085055
436,video_9,pose_trace_5.json,0.05356044140296116,0.018410824618988162
437,video_9,pose_trace_6.json,0.03534069539360292,0.023398768321685946
438,video_9,pose_trace_7.json,0.1254180389598621,0.03754267505481084
439,video_9,pose_trace_8.json,0.10687594519002322,0.02514559530413268
440,video_9,pose_trace_9.json,0.08988732612100495,0.014256691459310133
441,video_9,pose_trace_10.json,0.14182879548566155,0.032873556542717605
442,video_9,pose_trace_11.json,0.11471866102264923,0.03243431384222884
443,video_9,pose_trace_12.json,0.05366332473093266,0.013265422631544144
444,video_9,pose_trace_13.json,0.07799478457574247,0.04510083617821569
445,video_9,pose_trace_14.json,0.11205679237483882,0.03270952882837254
446,video_9,pose_trace_15.json,0.13154529612712873,0.03585583798647613
447,video_9,pose_trace_16.json,0.030846233204314125,0.026288604673567355
448,video_9,pose_trace_17.json,0.03973862159088366,0.046468693127157255
449,video_9,pose_trace_18.json,0.08725054684255615,0.01853147693592278
450,video_9,pose_trace_19.json,0.051741963429702977,0.021915939334372865
451,video_9,pose_trace_20.json,0.07448807104678146,0.02132798337463391
452,video_9,pose_trace_21.json,0.1310874881774499,0.030896204018874097
453,video_9,pose_trace_22.json,0.15247375399462068,0.05165212422911368
454,video_9,pose_trace_23.json,0.10717175110566865,0.028592450057261
455,video_9,pose_trace_24.json,0.07404457822237094,0.036724774722688515
456,video_9,pose_trace_25.json,0.04468703732278001,0.014052681757875515
457,video_9,pose_trace_26.json,0.1111121411522401,0.02768226932703786
458,video_9,pose_trace_27.json,0.13691476892773755,0.03541341573531396
459,video_9,pose_trace_28.json,0.1054913078554801,0.03789236352073409
460,video_9,pose_trace_29.json,0.08680538020073907,0.016807623319560944
461,video_9,pose_trace_30.json,0.13668496633087607,0.06651857280267488
462,video_9,pose_trace_31.json,0.13453110792309922,0.027713815730466423
463,video_9,pose_trace_32.json,0.056469847077924865,0.021322970519360242
464,video_9,pose_trace_33.json,0.08157006839651358,0.011588303341933196
465,video_9,pose_trace_34.json,0.08284790156463326,0.03253340640201847
466,video_9,pose_trace_35.json,0.1482139058623244,0.024486696401574023
467,video_9,pose_trace_36.json,0.04038447627721015,0.019926566745694853
468,video_9,pose_trace_37.json,0.029360684160121258,0.024014414903778813
469,video_9,pose_trace_38.json,0.07382831418914153,0.027560891352553296
470,video_9,pose_trace_39.json,0.06424894104788997,0.031439457619584533
471,video_9,pose_trace_40.json,0.08484698033322975,0.032401003258206565
472,video_9,pose_trace_41.json,0.0801400642013433,0.02000892683000473
473,video_9,pose_trace_42.json,0.044623887321032916,0.029743191416437633
474,video_9,pose_trace_43.json,0.06429385591812344,0.041081530717072566
475,video_9,pose_trace_44.json,0.06481528957731351,0.0286896473684728
476,video_9,pose_trace_45.json,0.12341483027938312,0.038049358050771025
477,video_9,pose_trace_46.json,0.09634820956705571,0.018156132466911525
478,video_9,pose_trace_47.json,0.1406609477360166,0.03115407108360582
479,video_9,pose_trace_48.json,0.06963435648022158,0.029830325647529972
480,video_10,pose_trace_1.json,0.07264317863683242,0.021243339180403553
481,video_10,pose_trace_2.json,0.046901237325874166,0.036081853107103906
482,video_10,pose_trace_3.json,0.08944548808689329,0.05237157231095797
483,video_10,pose_trace_4.json,0.16047770916027584,0.030888751681465473
484,video_10,pose_trace_5.json,0.10361415542584926,0.03208086746679812
485,video_10,pose_trace_6.json,0.1323509169880506,0.029432030398885863
486,video_10,pose_trace_7.json,0.10763055075916128,0.05402416979412652
487,video_10,pose_trace_8.json,0.10727969236773229,0.032324341798216465
488,video_10,pose_trace_9.json,0.06098810811443644,0.028433003161110387
489,video_10,pose_trace_10.json,0.16036961448596104,0.0654339883362702
490,video_10,pose_trace_11.json,0.1870959476950905,0.042026276550086596
491,video_10,pose_trace_12.json,0.07100481566378702,0.0247280906424366
492,video_10,pose_trace_13.json,0.09809892529029905,0.045293518467445254
493,video_10,pose_trace_14.json,0.09091326387235038,0.038624320113740014
494,video_10,pose_trace_15.json,0.1321650453393064,0.032403229771081045
495,video_10,pose_trace_16.json,0.06597599679277132,0.0325584592666765
496,video_10,pose_trace_17.json,0.1272754645730129,0.10001288626350895
497,video_10,pose_trace_18.json,0.0979660950831505,0.03569774326031143
498,video_10,pose_trace_19.json,0.1617386659813543,0.033570559783958995
499,video_10,pose_trace_20.json,0.13679529161306028,0.04350810623669337
500,video_10,pose_trace_21.json,0.11985978822764351,0.03798898534361949
501,video_10,pose_trace_22.json,0.09555735819947946,0.06326196906033242
502,video_10,pose_trace_23.json,0.11734074108338687,0.05623615381553528
503,video_10,pose_trace_24.json,0.14063766258083668,0.07121793364590424
504,video_10,pose_trace_25.json,0.1710114552227898,0.04571761871755529
505,video_10,pose_trace_26.json,0.12843361765622668,0.02259251025874414
506,video_10,pose_trace_27.json,0.10890999424953363,0.038048399909845945
507,video_10,pose_trace_28.json,0.06279909867707119,0.041982864011247976
508,video_10,pose_trace_29.json,0.08438686669344182,0.0346313861295474
509,video_10,pose_trace_30.json,0.2891783824849884,0.10015904468252912
510,video_10,pose_trace_31.json,0.14961623408756575,0.07670210296618338
511,video_10,pose_trace_32.json,0.10853597929917802,0.0315492482777644
512,video_10,pose_trace_33.json,0.10197960246637003,0.042716962605025846
513,video_10,pose_trace_34.json,0.08422026754306318,0.03329883385983215
514,video_10,pose_trace_35.json,0.18313564403352384,0.03468737540542883
515,video_10,pose_trace_36.json,0.09699558410674029,0.04950690300159435
516,video_10,pose_trace_37.json,0.08125259557660067,0.04820713519954519
517,video_10,pose_trace_38.json,0.06725554403601676,0.05538736232336899
518,video_10,pose_trace_39.json,0.11148856867939676,0.05230123527785343
519,video_10,pose_trace_40.json,0.04126064951767426,0.0213924311729105
520,video_10,pose_trace_41.json,0.1036330560678375,0.08179178626789842
521,video_10,pose_trace_42.json,0.10936050580365199,0.03215572719717295
522,video_10,pose_trace_43.json,0.08564794741007434,0.028089661378506228
523,video_10,pose_trace_44.json,0.06330207330664707,0.02594455421810782
524,video_10,pose_trace_45.json,0.22639283203746244,0.05941410161764103
525,video_10,pose_trace_46.json,0.11234124873974709,0.023640511340154997
526,video_10,pose_trace_47.json,0.08723462394018078,0.030509803490540246
527,video_10,pose_trace_48.json,0.06944184656627088,0.023749563510943067
528,video_11,pose_trace_1.json,0.1089774533659262,0.015555707190006306
529,video_11,pose_trace_2.json,0.045501504347329906,0.02665533420707795
530,video_11,pose_trace_3.json,0.15143950958658073,0.05916568481759637
531,video_11,pose_trace_4.json,0.11583124798494476,0.022525623923192257
532,video_11,pose_trace_5.json,0.1557158105725361,0.010947141293346199
533,video_11,pose_trace_6.json,0.10095654137110444,0.018313901799916578
534,video_11,pose_trace_7.json,0.17046626613221405,0.054334536775695795
535,video_11,pose_trace_8.json,0.14793581847306103,0.03253369415128461
536,video_11,pose_trace_9.json,0.17464339883369295,0.017049875569064465
537,video_11,pose_trace_10.json,0.10090518159104071,0.02633129314480727
538,video_11,pose_trace_11.json,0.196265328521122,0.061296856363408134
539,video_11,pose_trace_12.json,0.05917749342244188,0.03688813178896553
540,video_11,pose_trace_13.json,0.15803598391304344,0.046403836947134444
541,video_11,pose_trace_14.json,0.06970832450095239,0.034290185468815286
542,video_11,pose_trace_15.json,0.12441313239250747,0.03555189972174431
543,video_11,pose_trace_16.json,0.2113751848623525,0.022353661567754594
544,video_11,pose_trace_17.json,0.04681128494494533,0.040767410091606365
545,video_11,pose_trace_18.json,0.07911568403423348,0.028873530146357365
546,video_11,pose_trace_19.json,0.15201563401304014,0.029088007281625784
547,video_11,pose_trace_20.json,0.14342961369409232,0.05645604508995778
548,video_11,pose_trace_21.json,0.07478415072718886,0.024393632792556803
549,video_11,pose_trace_22.json,0.0817776911538568,0.038510482752011486
550,video_11,pose_trace_23.json,0.13488949934131256,0.03372615440917751
551,video_11,pose_trace_24.json,0.20900587479464833,0.03339331022614638
552,video_11,pose_trace_25.json,0.16346573525074817,0.037543496853343565
553,video_11,pose_trace_26.json,0.12917685972996618,0.022519638439168866
554,video_11,pose_trace_27.json,0.04824931717232178,0.021942658590132846
555,video_11,pose_trace_28.json,0.15902377517727304,0.042755337515651214
556,video_11,pose_trace_29.json,0.03077775360501876,0.018825801516065475
557,video_11,pose_trace_30.json,0.26272855245946863,0.040966755902703135
558,video_11,pose_trace_31.json,0.13799284859483235,0.024369806169124996
559,video_11,pose_trace_32.json,0.06178478596107094,0.025391003426116818
560,video_11,pose_trace_33.json,0.18486973390691047,0.02223700883145135
561,video_11,pose_trace_34.json,0.15254055025377075,0.03584773484909213
562,video_11,pose_trace_35.json,0.09896462491080879,0.02157375493824017
563,video_11,pose_trace_36.json,0.042276623979587674,0.03201076657308754
564,video_11,pose_trace_37.json,0.24023178237411175,0.02830655681153554
565,video_11,pose_trace_38.json,0.05530144620177965,0.03459489869542839
566,video_11,pose_trace_39.json,0.17695092210493715,0.050755298904081585
567,video_11,pose_trace_40.json,0.055115922017277885,0.017350340084907358
568,video_11,pose_trace_41.json,0.18702029698980577,0.03781298881810028
569,video_11,pose_trace_42.json,0.17670898034796934,0.05561827860359311
570,video_11,pose_trace_43.json,0.09107803975564005,0.07117055548657936
571,video_11,pose_trace_44.json,0.2075175575921753,0.018659956307407955
572,video_11,pose_trace_45.json,0.2100824007960383,0.03906384386176596
573,video_11,pose_trace_46.json,0.22054110558658147,0.07572642545669996
574,video_11,pose_trace_47.json,0.034576102526876686,0.017197049098874956
575,video_11,pose_trace_48.json,0.04266649000355774,0.021969575978006445
576,video_12,pose_trace_1.json,0.08207487837170523,0.02016724339755281
577,video_12,pose_trace_2.json,0.0796544210227371,0.0215980978270216
578,video_12,pose_trace_3.json,0.10083199612467386,0.034577549644837786
579,video_12,pose_trace_4.json,0.12630342110755974,0.04430806396852144
580,video_12,pose_trace_5.json,0.11754268931128871,0.040131929998152675
581,video_12,pose_trace_6.json,0.12484082919713645,0.03705072148816981
582,video_12,pose_trace_7.json,0.14020202437346857,0.04380261835877474
583,video_12,pose_trace_8.json,0.10977948825274136,0.038577904186110276
584,video_12,pose_trace_9.json,0.10627820519997039,0.022438618959409625
585,video_12,pose_trace_10.json,0.1306523229732209,0.04539130463919806
586,video_12,pose_trace_11.json,0.1417072784277326,0.0517400953496862
587,video_12,pose_trace_12.json,0.12296471889429474,0.051486606452843385
588,video_12,pose_trace_13.json,0.14018395962267727,0.039015249862623655
589,video_12,pose_trace_14.json,0.108025236074656,0.04272724905370814
590,video_12,pose_trace_15.json,0.09148243787506904,0.02722006591544707
591,video_12,pose_trace_16.json,0.122035784807848,0.023871371851089118
592,video_12,pose_trace_17.json,0.11222431262057268,0.0574518503966969
593,video_12,pose_trace_18.json,0.13169528360626817,0.04543063958885063
594,video_12,pose_trace_19.json,0.11423315972783124,0.028291596379024318
595,video_12,pose_trace_20.json,0.17005517157070685,0.06164416554480716
596,video_12,pose_trace_21.json,0.14534459013976503,0.03951377789135809
597,video_12,pose_trace_22.json,0.09640563447421424,0.03494894204443201
598,video_12,pose_trace_23.json,0.17995741006655072,0.07191329058855912
599,video_12,pose_trace_24.json,0.1173964944142924,0.028714468608630802
600,video_12,pose_trace_25.json,0.16685790505711268,0.034617841897007146
601,video_12,pose_trace_26.json,0.10262753229547522,0.0195102940508857
602,video_12,pose_trace_27.json,0.15106364944412892,0.04468936138126925
603,video_12,pose_trace_28.json,0.14895126217218463,0.040870496460319684
604,video_12,pose_trace_29.json,0.09307727181107307,0.044343152170795666
605,video_12,pose_trace_30.json,0.12738663094817154,0.052721575948804666
606,video_12,pose_trace_31.json,0.12405676605331309,0.038867430327184344
607,video_12,pose_trace_32.json,0.10666173735880757,0.02121143872953153
608,video_12,pose_trace_33.json,0.10677717366748068,0.024500601956838813
609,video_12,pose_trace_34.json,0.06813513644000965,0.031736980440461734
610,video_12,pose_trace_35.json,0.16473267643757586,0.028061374623521637
611,video_12,pose_trace_36.json,0.1064954337944969,0.04634373747361884
612,video_12,pose_trace_37.json,0.11627513066659652,0.0432531060803913
613,video_12,pose_trace_38.json,0.06973014674036257,0.04508536597360105
614,video_12,pose_trace_39.json,0.347783349289297,0.057359117250946695
615,video_12,pose_trace_40.json,0.09214568225659589,0.031639280836887274
616,video_12,pose_trace_41.json,0.3642251537612586,0.032678839805372374
617,video_12,pose_trace_42.json,0.12581554281604873,0.02812856572516813
618,video_12,pose_trace_43.json,0.12028221501211557,0.04540796546060745
619,video_12,pose_trace_44.json,0.0906672218066564,0.02464078855957692
620,video_12,pose_trace_45.json,0.14919079694067325,0.04656660806460354
621,video_12,pose_trace_46.json,0.09283159142296721,0.022024404981644225
622,video_12,pose_trace_47.json,0.0861409971545628,0.0271847341374692
623,video_12,pose_trace_48.json,0.08766684141438814,0.026042341887140733
624,video_13,pose_trace_1.json,0.03490420164706312,0.02569841564336046
625,video_13,pose_trace_2.json,0.029473723324238504,0.021973813488557186
626,video_13,pose_trace_3.json,0.038459101394639116,0.0502103671430972
627,video_13,pose_trace_4.json,0.12029614716486238,0.02661663765645777
628,video_13,pose_trace_5.json,0.06818135001933387,0.022379266721479434
629,video_13,pose_trace_6.json,0.09203728600016511,0.016833920310950167
630,video_13,pose_trace_7.json,0.08064869199503369,0.07970083814962403
631,video_13,pose_trace_8.json,0.07010992285447402,0.035265292339073835
632,video_13,pose_trace_9.json,0.06405395369425124,0.023218471157036343
633,video_13,pose_trace_10.json,0.039605814160417016,0.05835906036863882
634,video_13,pose_trace_11.json,0.05609397692967227,0.034427760292647464
635,video_13,pose_trace_12.json,0.05355514401568966,0.04201564836158439
636,video_13,pose_trace_13.json,0.08444574790372021,0.050083030808457024
637,video_13,pose_trace_14.json,0.030804993665237878,0.03151439258899818
638,video_13,pose_trace_15.json,0.0960045633392859,0.03253644101496959
639,video_13,pose_trace_16.json,0.05728385144788561,0.01738482070766974
640,video_13,pose_trace_17.json,0.030289436287926186,0.045411742884504565
641,video_13,pose_trace_18.json,0.040475740634778795,0.03550621568584194
642,video_13,pose_trace_19.json,0.06570924884712828,0.021273149638308626
643,video_13,pose_trace_20.json,0.10902478531275836,0.08311394041326318
644,video_13,pose_trace_21.json,0.07587272603332547,0.03433240905170826
645,video_13,pose_trace_22.json,0.027081456841054587,0.028729249889642438
646,video_13,pose_trace_23.json,0.057377473861119785,0.03850600582405184
647,video_13,pose_trace_24.json,0.04031138397816784,0.06807609587216977
648,video_13,pose_trace_25.json,0.13843401904949082,0.11704323974373533
649,video_13,pose_trace_26.json,0.09806009436469242,0.022496457693328677
650,video_13,pose_trace_27.json,0.055964418154871326,0.03155975393886887
651,video_13,pose_trace_28.json,0.04484557909656922,0.02855352832855671
652,video_13,pose_trace_29.json,0.039847258838732365,0.01834307951647821
653,video_13,pose_trace_30.json,0.08158897561218695,0.06732053508925481
654,video_13,pose_trace_31.json,0.0958738983820039,0.06452813827455892
655,video_13,pose_trace_32.json,0.06091971470530132,0.029869260523925995
656,video_13,pose_trace_33.json,0.09024690563951991,0.0277434483530003
657,video_13,pose_trace_34.json,0.027307076894753774,0.015163719090484373
658,video_13,pose_trace_35.json,0.06708109897232022,0.023326412477619237
659,video_13,pose_trace_36.json,0.022195359120969885,0.020202018951652377
660,video_13,pose_trace_37.json,0.05324437810468857,0.04004759258540433
661,video_13,pose_trace_38.json,0.025377172922469278,0.027518608904315005
662,video_13,pose_trace_39.json,0.06041333718259213,0.0629706996350425
663,video_13,pose_trace_40.json,0.04143858325523559,0.032438931047780874
664,video_13,pose_trace_41.json,0.04232748483519636,0.017930144272431888
665,video_13,pose_trace_42.json,0.06474714572788129,0.04061766472556436
666,video_13,pose_trace_43.json,0.06486050326626412,0.06816658166341218
667,video_13,pose_trace_44.json,0.03634252011231582,0.03084077731026633
668,video_13,pose_trace_45.json,0.08928592736365694,0.05710367637391729
669,video_13,pose_trace_46.json,0.07374833373468125,0.0307269575833753
670,video_13,pose_trace_47.json,0.02018302508069324,0.015402559678870666
671,video_13,pose_trace_48.json,0.04360446045362309,0.024799798969121756
672,video_14,pose_trace_1.json,0.11375488157904365,0.014373771931631292
673,video_14,pose_trace_2.json,0.07021940645720963,0.020173887123495767
674,video_14,pose_trace_3.json,0.11344092630708887,0.04330379319812453
675,video_14,pose_trace_4.json,0.2427696340275146,0.02839442666489747
676,video_14,pose_trace_5.json,0.2410096749743024,0.025750776780037465
677,video_14,pose_trace_6.json,0.2616699258346344,0.03059048194008757
678,video_14,pose_trace_7.json,0.3889892155522198,0.03238039330598811
679,video_14,pose_trace_8.json,0.21706088390786,0.035994071329550924
680,video_14,pose_trace_9.json,0.26766784753992234,0.03402020553811055
681,video_14,pose_trace_10.json,0.2023121676892333,0.04235212576511247
682,video_14,pose_trace_11.json,0.19975522616895583,0.060959590005298665
683,video_14,pose_trace_12.json,0.10728268057630591,0.009399186163852784
684,video_14,pose_trace_13.json,0.16848602050863015,0.04345631974825294
685,video_14,pose_trace_14.json,0.2123799538058361,0.04920113122744823
686,video_14,pose_trace_15.json,0.2816817796234174,0.03598249066577312
687,video_14,pose_trace_16.json,0.22545831260174276,0.022018096300403994
688,video_14,pose_trace_17.json,0.2374843789616162,0.04693864981050048
689,video_14,pose_trace_18.json,0.22534484375549022,0.0374806672013645
690,video_14,pose_trace_19.json,0.4862477947299156,0.038425241846103235
691,video_14,pose_trace_20.json,0.24007861105001163,0.029329974693728455
692,video_14,pose_trace_21.json,0.28235028040146626,0.04875789576850352
693,video_14,pose_trace_22.json,0.3413261224268511,0.04340555634755195
694,video_14,pose_trace_23.json,0.10018487698099471,0.05102479413986562
695,video_14,pose_trace_24.json,0.2334651325133046,0.05254571259811878
696,video_14,pose_trace_25.json,0.32456098623511564,0.0242947361156621
697,video_14,pose_trace_26.json,0.3545295337301742,0.02394784974531049
698,video_14,pose_trace_27.json,0.14991224344628556,0.03309188086630483
699,video_14,pose_trace_28.json,0.21330241786472073,0.03133666519642345
700,video_14,pose_trace_29.json,0.19367740395595823,0.03753638294497467
701,video_14,pose_trace_30.json,0.29261938707132057,0.06342230348559533
702,video_14,pose_trace_31.json,0.39351043144076203,0.030773001584279255
703,video_14,pose_trace_32.json,0.2879660946933818,0.03087937044276205
704,video_14,pose_trace_33.json,0.3375267763516713,0.018154716836926738
705,video_14,pose_trace_34.json,0.23098239760820996,0.03816663893402686
706,video_14,pose_trace_35.json,0.20573234703676474,0.02488446049116632
707,video_14,pose_trace_36.json,0.12272920027465306,0.033445096475358926
708,video_14,pose_trace_37.json,0.20909966089513649,0.04580277516104554
709,video_14,pose_trace_38.json,0.10608122640473057,0.02250221225141026
710,video_14,pose_trace_39.json,0.4771601917741628,0.04325298389118528
711,video_14,pose_trace_40.json,0.19443958667647374,0.026740543749144897
712,video_14,pose_trace_41.json,0.29483353231228615,0.028496639665244353
713,video_14,pose_trace_42.json,0.19667224800698213,0.03697017708476772
714,video_14,pose_trace_43.json,0.24032529182375323,0.06069525083372537
715,video_14,pose_trace_44.json,0.12966519982777389,0.03103416297776104
716,video_14,pose_trace_45.json,0.320653478752287,0.05417581403006622
717,video_14,pose_trace_46.json,0.3696119969605711,0.023024001519362583
718,video_14,pose_trace_47.json,0.1405509267652555,0.04890772538547941
719,video_14,pose_trace_48.json,0.20960008946541497,0.03410014313178104
720,video_15,pose_trace_1.json,0.08484290932393586,0.01986388922785264
721,video_15,pose_trace_2.json,0.07487278056164069,0.0396834692040122
722,video_15,pose_trace_3.json,0.038764087930336796,0.041123260027624016
723,video_15,pose_trace_4.json,0.08477585627049515,0.03295791920675344
724,video_15,pose_trace_5.json,0.11294189388274764,0.025533378373532385
725,video_15,pose_trace_6.json,0.09035618856827249,0.03048029353544546
726,video_15,pose_trace_7.json,0.12705304178674007,0.03710737154888084
727,video_15,pose_trace_8.json,0.09802287947048738,0.027737442246218002
728,video_15,pose_trace_9.json,0.09377701519672223,0.028963199205313518
729,video_15,pose_trace_10.json,0.06122018873402985,0.035912873042584746
730,video_15,pose_trace_11.json,0.05344138461646043,0.036689008159571476
731,video_15,pose_trace_12.json,0.11451200950312906,0.04222758447821182
732,video_15,pose_trace_13.json,0.0930875514824827,0.04170888205236912
733,video_15,pose_trace_14.json,0.07712229149917176,0.04038937627524141
734,video_15,pose_trace_15.json,0.0683910155915823,0.029132716194221538
735,video_15,pose_trace_16.json,0.06460297598965425,0.02936434340572074
736,video_15,pose_trace_17.json,0.058302938253436666,0.08462090594926965
737,video_15,pose_trace_18.json,0.0823091527991548,0.04538397619655005
738,video_15,pose_trace_19.json,0.08522455396850372,0.046959570927806234
739,video_15,pose_trace_20.json,0.10781269016770227,0.03901475149260637
740,video_15,pose_trace_21.json,0.09457900698154345,0.03404771661323488
741,video_15,pose_trace_22.json,0.06612002483131851,0.03769584604734091
742,video_15,pose_trace_23.json,0.11011608040334,0.07135077370312472
743,video_15,pose_trace_24.json,0.06642446580214732,0.03630909429673506
744,video_15,pose_trace_25.json,0.11584743936493375,0.05611371700620338
745,video_15,pose_trace_26.json,0.07423275225931927,0.02011547403439176
746,video_15,pose_trace_27.json,0.09351740686991021,0.030691613740439418
747,video_15,pose_trace_28.json,0.05755845326745609,0.03491930797455162
748,video_15,pose_trace_29.json,0.04233846451477252,0.03143301854480319
749,video_15,pose_trace_30.json,0.19196995819338322,0.08397949781399387
750,video_15,pose_trace_31.json,0.11169362403179094,0.03556355505164595
751,video_15,pose_trace_32.json,0.09670162605134039,0.022838021525223524
752,video_15,pose_trace_33.json,0.0822656665868295,0.02518913878971138
753,video_15,pose_trace_34.json,0.07658916820861911,0.029834477808223313
754,video_15,pose_trace_35.json,0.08157659907744817,0.0248811382193027
755,video_15,pose_trace_36.json,0.05814321462103006,0.06593140176845522
756,video_15,pose_trace_37.json,0.09558367734090274,0.03842942056156788
757,video_15,pose_trace_38.json,0.031085229936589236,0.04071083911731622
758,video_15,pose_trace_39.json,0.07312998374662054,0.04124380003401728
759,video_15,pose_trace_40.json,0.05107505808520025,0.04362219589126346
760,video_15,pose_trace_41.json,0.07687521912329717,0.04216590702004551
761,video_15,pose_trace_42.json,0.08850825564285443,0.056143114079580794
762,video_15,pose_trace_43.json,0.11858409953623493,0.07540321412623853
763,video_15,pose_trace_44.json,0.042799671151419715,0.022704631303708183
764,video_15,pose_trace_45.json,0.09219999720791036,0.03892272198885909
765,video_15,pose_trace_46.json,0.11794485415005883,0.04716164116124425
766,video_15,pose_trace_47.json,0.06801701850127695,0.024850612572388943
767,video_15,pose_trace_48.json,0.07327167078347067,0.021349372951880687
768,video_16,pose_trace_1.json,0.08243312196490042,0.028062628368951615
769,video_16,pose_trace_2.json,0.06640807898675834,0.06321136514642835
770,video_16,pose_trace_3.json,0.02932440544731101,0.047203251906374186
771,video_16,pose_trace_4.json,0.24095187728056575,0.08556582120837283
772,video_16,pose_trace_5.json,0.04093844353829265,0.027244094851410116
773,video_16,pose_trace_6.json,0.13167675550070407,0.03762978298082642
774,video_16,pose_trace_7.json,0.1642354163281574,0.08785358444687412
775,video_16,pose_trace_8.json,0.08805422052002508,0.034712447827334215
776,video_16,pose_trace_9.json,0.10472421076069435,0.04454796135167189
777,video_16,pose_trace_10.json,0.048394522114847065,0.07050318213951388
778,video_16,pose_trace_11.json,0.05601004505834293,0.05095693765875548
779,video_16,pose_trace_12.json,0.07134628736606705,0.0301552267602679
780,video_16,pose_trace_13.json,0.10174909803331762,0.05739271599437847
781,video_16,pose_trace_14.json,0.053642307985260866,0.04543691884164115
782,video_16,pose_trace_15.json,0.06333883969038027,0.05780453461067172
783,video_16,pose_trace_16.json,0.0690940889884443,0.04193055841948657
784,video_16,pose_trace_17.json,0.08738605324881901,0.11629204745311213
785,video_16,pose_trace_18.json,0.08945225813345524,0.053347511629008845
786,video_16,pose_trace_19.json,0.15468568319103335,0.09512988143345978
787,video_16,pose_trace_20.json,0.2252852866460145,0.11131495475838059
788,video_16,pose_trace_21.json,0.10831189587698858,0.05239309623703162
789,video_16,pose_trace_22.json,0.07050225455015689,0.06901162167936091
790,video_16,pose_trace_23.json,0.07667735625999308,0.09549212381706602
791,video_16,pose_trace_24.json,0.054083788669657046,0.06669384703456219
792,video_16,pose_trace_25.json,0.3584461344106841,0.12353296272142572
793,video_16,pose_trace_26.json,0.10550011969753288,0.02051368841840892
794,video_16,pose_trace_27.json,0.16322656750670128,0.05986988262490965
795,video_16,pose_trace_28.json,0.056382986888076005,0.04261223167508167
796,video_16,pose_trace_29.json,0.08259324835368376,0.07969203916073034
797,video_16,pose_trace_30.json,0.09221174963550623,0.15730999334546267
798,video_16,pose_trace_31.json,0.1392529021846169,0.053304020977280375
799,video_16,pose_trace_32.json,0.09866952721033292,0.032043768541514285
800,video_16,pose_trace_33.json,0.10924934840233683,0.06469919264106369
801,video_16,pose_trace_34.json,0.08596084178177123,0.04321116140781411
802,video_16,pose_trace_35.json,0.08660351408362175,0.022557073886213138
803,video_16,pose_trace_36.json,0.042210816506708174,0.0413252139147501
804,video_16,pose_trace_37.json,0.05424967687730445,0.055323063452731594
805,video_16,pose_trace_38.json,0.045487754329731026,0.05181957527641824
806,video_16,pose_trace_39.json,0.057092573856958755,0.05257435738003181
807,video_16,pose_trace_40.json,0.051800065808143884,0.03439643651436157
808,video_16,pose_trace_41.json,0.09018740928116352,0.06493423384158951
809,video_16,pose_trace_42.json,0.14322137495830972,0.10600129611748729
810,video_16,pose_trace_43.json,0.11041601582299349,0.1219039823144217
811,video_16,pose_trace_44.json,0.05449180896092564,0.03857654822151506
812,video_16,pose_trace_45.json,0.10067264793925586,0.08030913710068592
813,video_16,pose_trace_46.json,0.13426429150440372,0.0729922149875834
814,video_16,pose_trace_47.json,0.06408840387231617,0.04324267717550336
815,video_16,pose_trace_48.json,0.10905924901016392,0.05514370603981624
816,video_17,pose_trace_1.json,0.06093041829665859,0.018565412387569924
817,video_17,pose_trace_2.json,0.06567300579949246,0.03486587393014891
818,video_17,pose_trace_3.json,0.04826873790023201,0.029976446848533008
819,video_17,pose_trace_4.json,0.15083179319726941,0.02475403431064179
820,video_17,pose_trace_5.json,0.05340519736690119,0.02382394879212961
821,video_17,pose_trace_6.json,0.10818357474388884,0.02103850698814029
822,video_17,pose_trace_7.json,0.13708868870080837,0.025829685674704637
823,video_17,pose_trace_8.json,0.09795534690738676,0.02575433131108697
824,video_17,pose_trace_9.json,0.06364195121234764,0.016606118520360237
825,video_17,pose_trace_10.json,0.07009197512503128,0.027884828761020403
826,video_17,pose_trace_11.json,0.06324210562339375,0.03390943399918042
827,video_17,pose_trace_12.json,0.07049389361174527,0.026947173006684703
828,video_17,pose_trace_13.json,0.07924346894935821,0.021237937729367756
829,video_17,pose_trace_14.json,0.055514131719520014,0.02651936922383561
830,video_17,pose_trace_15.json,0.07743831453269268,0.044492599965509264
831,video_17,pose_trace_16.json,0.07751147496152364,0.01608595165763851
832,video_17,pose_trace_17.json,0.06532357421397592,0.05101874412095761
833,video_17,pose_trace_18.json,0.12650592659029744,0.02574946999811374
834,video_17,pose_trace_19.json,0.1518077108670658,0.022968042937443096
835,video_17,pose_trace_20.json,0.3183458042821477,0.025690146409248233
836,video_17,pose_trace_21.json,0.08516487146423622,0.021164128105037282
837,video_17,pose_trace_22.json,0.06893987658857648,0.04029899217156105
838,video_17,pose_trace_23.json,0.08213901802569995,0.0408127062353434
839,video_17,pose_trace_24.json,0.06216619635208154,0.026951808264783182
840,video_17,pose_trace_25.json,0.05752164524277822,0.022791800942334597
841,video_17,pose_trace_26.json,0.09553014727916573,0.015737611775619463
842,video_17,pose_trace_27.json,0.06367669310422933,0.030533762207385667
843,video_17,pose_trace_28.json,0.055974615884131614,0.02200567171346956
844,video_17,pose_trace_29.json,0.049015596185062224,0.031265998376338276
845,video_17,pose_trace_30.json,0.09533160039428329,0.06039475727076252
846,video_17,pose_trace_31.json,0.302043704407182,0.0211765830058819
847,video_17,pose_trace_32.json,0.07423172249136148,0.026618258586136416
848,video_17,pose_trace_33.json,0.09569997531399704,0.019637060786777825
849,video_17,pose_trace_34.json,0.046308417739527714,0.03917101572215931
850,video_17,pose_trace_35.json,0.09316488743570688,0.01928277863127353
851,video_17,pose_trace_36.json,0.04714475076053851,0.027729999236739952
852,video_17,pose_trace_37.json,0.06751449972801432,0.04359490059823575
853,video_17,pose_trace_38.json,0.04650879183462328,0.018715169238639976
854,video_17,pose_trace_39.json,0.07217827779381764,0.03717869069120752
855,video_17,pose_trace_40.json,0.06646131825581482,0.023978808113150733
856,video_17,pose_trace_41.json,0.05416177943364587,0.019224069151301884
857,video_17,pose_trace_42.json,0.08381337039661882,0.034476200592708145
858,video_17,pose_trace_43.json,0.1236777930470664,0.042617180256989684
859,video_17,pose_trace_44.json,0.05053822542989971,0.01836100503469003
860,video_17,pose_trace_45.json,0.08836419461319943,0.0403397572999487
861,video_17,pose_trace_46.json,0.10344699270571958,0.016084195492346014
862,video_17,pose_trace_47.json,0.05594267067275263,0.030404611066378887
863,video_17,pose_trace_48.json,0.09309869966578405,0.03240676250020066
